CRASH_ID,SER_NO,CRASH_DT,CRASH_MO_NO,CRASH_DAY_NO,CRASH_YR_NO,CRASH_WK_DAY_CD,CRASH_HR_NO,CRASH_HR_SHORT_DESC,CNTY_ID,CNTY_NM,CITY_SECT_ID,CITY_SECT_NM,URB_AREA_CD,URB_AREA_SHORT_NM,FC_CD,FC_SHORT_DESC,NHS_FLG,HWY_NO,HWY_SFX_NO,HWY_MED_NM,RDWY_NO,HWY_COMPNT_CD,HWY_COMPNT_SHORT_DESC,MLGE_TYP_CD,MLGE_TYP_SHORT_DESC,RD_CON_NO,LRS_VAL,LAT_DEG_NO,LAT_MINUTE_NO,LAT_SEC_NO,LONGTD_DEG_NO,LONGTD_MINUTE_NO,LONGTD_SEC_NO,SPECL_JRSDCT_ID,SPECL_JRSDCT_SHORT_DESC,AGY_ST_NO,ST_FULL_NM,ISECT_AGY_ST_NO,ISECT_ST_FULL_NM,ISECT_SEQ_NO,FROM_ISECT_DSTNC_QTY,CMPSS_DIR_CD,MP_NO,POST_SPEED_LMT_VAL,RD_CHAR_CD,RD_CHAR_SHORT_DESC,OFF_RDWY_FLG,ISECT_TYP_CD,ISECT_TYP_SHORT_DESC,ISECT_REL_FLG,RNDABT_FLG,DRVWY_REL_FLG,LN_QTY,TURNG_LEG_QTY,MEDN_TYP_CD,MEDN_TYP_SHORT_DESC,IMPCT_LOC_CD,CRASH_TYP_CD,CRASH_TYP_SHORT_DESC,COLLIS_TYP_CD,COLLIS_TYP_SHORT_DESC,CRASH_SVRTY_CD,CRASH_SVRTY_SHORT_DESC,WTHR_COND_CD,WTHR_COND_SHORT_DESC,RD_SURF_COND_CD,RD_SURF_SHORT_DESC,LGT_COND_CD,LGT_COND_SHORT_DESC,TRAF_CNTL_DEVICE_CD,TRAF_CNTL_DEVICE_SHORT_DESC,TRAF_CNTL_FUNC_FLG,INVSTG_AGY_CD,INVSTG_AGY_SHORT_DESC,CRASH_EVNT_1_CD,CRASH_EVNT_1_SHORT_DESC,CRASH_EVNT_2_CD,CRASH_EVNT_2_SHORT_DESC,CRASH_EVNT_3_CD,CRASH_EVNT_3_SHORT_DESC,CRASH_CAUSE_1_CD,CRASH_CAUSE_1_SHORT_DESC,CRASH_CAUSE_2_CD,CRASH_CAUSE_2_SHORT_DESC,CRASH_CAUSE_3_CD,CRASH_CAUSE_3_SHORT_DESC,SCHL_ZONE_IND,WRK_ZONE_IND,ALCHL_INVLV_FLG,DRUG_INVLV_FLG,MJ_INVLV_FLG,CRASH_SPEED_INVLV_FLG,CRASH_HIT_RUN_FLG,POP_RNG_CD,POP_RNG_MED_DESC,RD_CNTL_CD,RD_CNTL_MED_DESC,RTE_TYP_CD,RTE_ID,REG_ID,DIST_ID,SEG_MRK_ID,SEG_PT_LRS_MEAS,UNLOCT_FLG,RTE_NM,CRASH_LAST_UD_DT,TOT_VHCL_CNT,TOT_FATAL_CNT,TOT_INJ_LVL_A_CNT,TOT_INJ_LVL_B_CNT,TOT_INJ_LVL_C_CNT,TOT_INJ_CNT,TOT_UNINJD_AGE00_04_CNT,TOT_UNINJD_PER_CNT,TOT_PED_CNT,TOT_PED_FATAL_CNT,TOT_PED_INJ_CNT,TOT_PEDCYCL_CNT,TOT_PEDCYCL_FATAL_CNT,TOT_PEDCYCL_INJ_CNT,TOT_UNKNWN_CNT,TOT_UNKNWN_FATAL_CNT,TOT_UNKNWN_INJ_CNT,TOT_OCCUP_CNT,TOT_PER_INVLV_CNT,TOT_SFTY_EQUIP_USED_QTY,TOT_SFTY_EQUIP_UNUSED_QTY,TOT_SFTY_EQUIP_USE_UNKNWN_QTY,LAT_DD,LONGTD_DD,TOT_PED_INJ_LVL_A_CNT,TOT_PEDCYCL_INJ_LVL_A_CNT,TOT_MCYCLST_FATAL_CNT,TOT_MCYCLST_INJ_LVL_A_CNT,TOT_MCYCLST_INJ_CNT,TOT_PSNGR_VHCL_OCC_UNRESTRND_FATAL_CNT,TOT_ALCHL_IMPAIRED_DRVR_INV_FATAL_CNT,TOT_MCYCLST_UNHELMTD_FATAL_CNT,TOT_DRVR_AGE_01_20_CNT,LANE_RDWY_DPRT_CRASH_FLG
1977874,330,2022-07-09T00:00:00,7,9,2022,7,20,8P,5,Columbia,172,Rainier,61,RAINIER UA,14,U PR-ART,1,92.0,,LOWER COLUMBIA RIVER,1.0,0.0,MN,0.0,R,,009200100S00,46,5,23.9,-122,56,25.84,,,401,C ST,8704,W 4TH ST,1.0,,9,47.2,30.0,1,INTER,0,3.0,3-LEG,0,0,0,,0.0,,,4,B,ANGL-OTH,1,ANGL,4,INJ,1,CLR,1,DRY,5,DUSK,4,STOP SIGN,1,3,CITY,,,,,,,2,NO-YIELD,,,,,,,0,0,0,0,0,,,4,URBAN HWY SYSTEM,US,30.0,2,1,293_20589,,0,US 30,2023-08-21T05:49:28.773,2,0,0,0,1,1,0,1,0,0,0,0,0,0,0,0,0,2,2,0,0,2,46.08997222222133,-122.94051111111033,0,0,0,0,0,0,0,0,1,N
1978209,325,2022-10-09T00:00:00,10,9,2022,1,15,3P,5,Columbia,172,Rainier,61,RAINIER UA,14,U PR-ART,1,92.0,,LOWER COLUMBIA RIVER,1.0,0.0,MN,0.0,R,,009200100S00,46,5,39.98,-122,57,30.18,,,403,LOWER COL RIVER HY,1501,MILL ST,1.0,,9,48.13,55.0,1,INTER,0,3.0,3-LEG,0,0,0,,0.0,,,1,B,ANGL-OTH,6,TURN,4,INJ,1,CLR,1,DRY,1,DAY,4,STOP SIGN,1,3,CITY,82.0,VEH HID,,,,,2,NO-YIELD,,,,,0.0,0.0,0,0,0,0,0,,,4,URBAN HWY SYSTEM,US,30.0,2,1,293_12531,,0,US 30,2023-08-21T05:51:13.640,2,0,0,2,0,2,0,1,0,0,0,0,0,0,0,0,0,3,3,3,0,0,46.09443888888833,-122.958383333333,0,0,0,0,0,0,0,0,0,N
1978219,326,2022-10-09T00:00:00,10,9,2022,1,16,4P,5,Columbia,172,Rainier,61,RAINIER UA,14,U PR-ART,1,92.0,,LOWER COLUMBIA RIVER,1.0,6.0,CN,0.0,R,3.0,0092AU100S00,46,6,16.46,-122,57,43.37,,,9003,LEWIS&CLARK BR C3,1403,LEWIS & CLARK BR,1.0,,2,49.37,,8,BRIDGE,0,,,0,0,0,2.0,,0.0,NONE,3,E,S-1STOP,3,REAR,4,INJ,1,CLR,1,DRY,1,DAY,99,UNKNOWN,1,5,NO RPT,92.0,PHANTOM,,,,,27,INATTENT,,,,,,,0,0,0,0,0,,,4,URBAN HWY SYSTEM,,,2,1,293_28658,,0,,2023-08-21T05:51:16.550,2,0,0,0,3,3,0,1,0,0,0,0,0,0,0,0,0,4,4,4,0,0,46.104572222222,-122.962047222222,0,0,0,0,0,0,0,0,1,N
1978254,351,2022-10-28T00:00:00,10,28,2022,6,7,7A,5,Columbia,172,Rainier,61,RAINIER UA,14,U PR-ART,1,92.0,,LOWER COLUMBIA RIVER,1.0,0.0,MN,0.0,R,,009200100S00,46,5,26.82,-122,56,35.42,,,403,LOWER COL RIVER HY,8706,W 6TH ST,1.0,,9,47.34,30.0,1,INTER,0,1.0,CROSS,0,0,0,,0.0,,,1,B,ANGL-OTH,1,ANGL,4,INJ,3,RAIN,2,WET,1,DAY,4,STOP SIGN,1,3,CITY,,,,,,,30,SPEED,,,,,0.0,0.0,0,0,0,1,0,,,4,URBAN HWY SYSTEM,US,30.0,2,1,293_11562,,0,US 30,2023-08-21T05:51:27.283,2,0,0,0,1,1,0,1,0,0,0,0,0,0,0,0,0,2,2,2,0,0,46.09078333333333,-122.94317222222132,0,0,0,0,0,0,0,0,0,N
1981645,56,2022-02-16T00:00:00,2,16,2022,4,22,10P,5,Columbia,172,Rainier,61,RAINIER UA,19,U LOCAL,0,,,,,,,,,,,46,5,31.6,-122,56,32.25,,,101,A ST,103,VETERANS WY,1.0,100.0,1,,15.0,5,CURVE,1,,,0,0,0,2.0,,0.0,NONE,8,8,FIX OBJ,9,FIX,5,PDO,1,CLR,1,DRY,2,DLIT,0,NONE,1,3,CITY,40.0,CURB,62.0,TREE,,,1,TOO-FAST,,,,,0.0,0.0,0,0,0,1,0,,,3,URBAN CITY STREET,,,2,1,34_803785,,0,,2023-09-11T08:37:43.120,1,0,0,0,0,0,0,1,0,0,0,0,0,0,0,0,0,1,1,1,0,0,46.09211111111033,-122.94229166666632,0,0,0,0,0,0,0,0,0,Y
1981716,78,2022-03-11T00:00:00,3,11,2022,6,16,4P,5,Columbia,172,Rainier,61,RAINIER UA,17,U MJ-COL,0,,,,,,,,,,,46,5,37.74,-122,57,44.91,,,2603,WASHINGTON WAY,2103,ROCKCREST ST,1.0,375.0,4,,,2,ALLEY,0,,,0,0,0,2.0,,0.0,NONE,8,B,ANGL-OTH,-,BACK,5,PDO,3,RAIN,2,WET,1,DAY,99,UNKNOWN,1,3,CITY,,,,,,,2,NO-YIELD,30.0,SPEED,,,,,0,0,0,1,0,,,3,URBAN CITY STREET,,,2,1,34_803553,,0,,2023-09-11T08:37:51.560,2,0,0,0,0,0,0,2,0,0,0,0,0,0,0,0,0,2,2,2,0,0,46.09381666666633,-122.962475,0,0,0,0,0,0,0,0,0,N
1981760,95,2022-03-28T00:00:00,3,28,2022,2,99,UNK,5,Columbia,172,Rainier,61,RAINIER UA,17,U MJ-COL,0,,,,,,,,,,,46,5,17.31,-122,56,6.71,,,401,C ST,8302,E 2ND ST,1.0,0.0,9,,,1,INTER,0,1.0,CROSS,0,0,0,,0.0,,,1,B,ANGL-OTH,1,ANGL,5,PDO,1,CLR,1,DRY,1,DAY,4,STOP SIGN,1,0,NONE,,,,,,,3,PAS-STOP,,,,,,,0,0,0,0,0,,,3,URBAN CITY STREET,,,2,1,34_803821,,0,,2023-09-11T08:37:57.837,2,0,0,0,0,0,0,2,0,0,0,0,0,0,0,0,0,2,2,1,0,1,46.08814166666633,-122.93519722222132,0,0,0,0,0,0,0,0,0,N
1983228,80114,2022-04-11T00:00:00,4,11,2022,2,14,2P,5,Columbia,172,Rainier,61,RAINIER UA,14,U PR-ART,1,92.0,,LOWER COLUMBIA RIVER,1.0,0.0,MN,0.0,R,,009200100S00,46,5,22.19,-122,56,16.43,,,201,B ST,8702,W 2ND ST,1.0,,8,47.7,30.0,2,ALLEY,0,,,0,0,0,2.0,,0.0,NONE,3,B,ANGL-OTH,6,TURN,5,PDO,2,CLD,3,SNO,1,DAY,4,STOP SIGN,1,3,CITY,,,,,,,27,INATTENT,,,,,0.0,0.0,0,0,0,0,0,,,4,URBAN HWY SYSTEM,US,30.0,2,1,293_18909,,0,US 30,2023-09-20T21:31:50.877,2,0,0,0,0,0,0,3,0,0,0,0,0,0,0,0,0,3,3,3,0,0,46.089497222221326,-122.93789722222132,0,0,0,0,0,0,0,0,0,N
1983429,140,2022-04-28T00:00:00,4,28,2022,5,21,9P,5,Columbia,172,Rainier,61,RAINIER UA,14,U PR-ART,1,92.0,,LOWER COLUMBIA RIVER,1.0,0.0,MN,0.0,R,,009200100S00,46,5,20.86,-122,56,9.34,,,201,B ST,8001,1ST ST,1.0,,6,46.97,30.0,1,INTER,0,1.0,CROSS,0,0,0,,0.0,,,5,2,PRKD MV,1,ANGL,5,PDO,2,CLD,2,WET,2,DLIT,1,TRF SIGNAL,1,2,COUNTY,93.0,CELL PHONE,,,,,33,RECKLESS,27.0,INATTENT,,,0.0,0.0,1,0,0,0,0,,,4,URBAN HWY SYSTEM,US,30.0,2,1,293_20588,,0,US 30,2023-09-20T21:32:49.327,1,0,0,0,0,0,0,1,0,0,0,0,0,0,0,0,0,1,1,1,0,0,46.08912777777733,-122.93592777777732,0,0,0,0,0,0,0,0,0,N
1983805,198,2022-06-22T00:00:00,6,22,2022,4,10,10A,5,Columbia,172,Rainier,61,RAINIER UA,19,U LOCAL,0,,,,,,,,,,,46,5,15.49,-122,56,7.45,,,8302,E 2ND ST,601,D ST,1.0,70.0,2,,25.0,2,ALLEY,0,,,0,0,0,2.0,,0.0,NONE,8,B,ANGL-OTH,-,BACK,5,PDO,2,CLD,1,DRY,1,DAY,0,NONE,1,3,CITY,,,,,,,2,NO-YIELD,,,,,,,0,0,0,0,0,,,3,URBAN CITY STREET,,,2,1,34_802094,,0,,2023-09-24T20:37:11.347,2,0,0,0,0,0,0,3,0,0,0,0,0,0,0,0,0,3,3,3,0,0,46.08763611111033,-122.93540277777733,0,0,0,0,0,0,0,0,0,N
1986082,139,2022-04-28T00:00:00,4,28,2022,5,19,7P,5,Columbia,172,Rainier,61,RAINIER UA,19,U LOCAL,0,,,,,,,,,,,46,5,22.59,-122,56,57.95,,,106,MAPLE DR W,601,D ST W,1.0,1133.0,7,,,7,GRADE,1,,,0,0,0,2.0,,0.0,NONE,7,8,FIX OBJ,9,FIX,5,PDO,1,CLR,1,DRY,5,DUSK,0,NONE,1,3,CITY,62.0,TREE,,,,,10,OTHR-IMP,,,,,0.0,0.0,1,0,0,0,0,,,3,URBAN CITY STREET,,,2,1,34_803625,,0,,2023-10-05T20:38:25.890,1,0,0,0,0,0,0,1,0,0,0,0,0,0,0,0,0,1,1,1,0,0,46.08960833333333,-122.94943055555532,0,0,0,0,0,0,0,0,0,Y
1987779,215,2022-07-06T00:00:00,7,6,2022,4,20,8P,5,Columbia,172,Rainier,61,RAINIER UA,17,U MJ-COL,0,,,,,,,,,,,46,5,31.98,-122,56,54.54,,,201,B ST,8710,W 10TH ST,1.0,0.0,2,,25.0,1,INTER,0,1.0,CROSS,0,0,0,,0.0,,,5,2,PRKD MV,2,HEAD,5,PDO,1,CLR,1,DRY,1,DAY,0,NONE,1,3,CITY,,,,,,,5,LEFT-CTR,,,,,0.0,0.0,0,0,0,0,0,,,3,URBAN CITY STREET,,,2,1,34_803588,,0,,2023-10-19T09:10:31.570,2,0,0,0,0,0,0,2,0,0,0,0,0,0,0,0,0,2,2,2,0,0,46.09221666666633,-122.94848333333331,0,0,0,0,0,0,0,0,0,N
1987786,221,2022-07-09T00:00:00,7,9,2022,7,23,11P,5,Columbia,172,Rainier,61,RAINIER UA,14,U PR-ART,1,92.0,,LOWER COLUMBIA RIVER,1.0,0.0,MN,0.0,R,,009200100S00,46,5,20.07,-122,56,5.48,,,201,B ST,8302,E 2ND ST,1.0,,9,46.91,30.0,1,INTER,0,1.0,CROSS,0,0,0,,0.0,,,2,B,ANGL-OTH,1,ANGL,5,PDO,1,CLR,1,DRY,2,DLIT,4,STOP SIGN,1,3,CITY,13.0,FORCED,,,,,3,PAS-STOP,2.0,NO-YIELD,,,0.0,0.0,0,0,0,0,0,,,4,URBAN HWY SYSTEM,US,30.0,2,1,293_18099,,0,US 30,2023-10-19T09:10:33.650,2,0,0,0,0,0,0,3,0,0,0,0,0,0,0,0,0,3,3,2,0,1,46.08890833333333,-122.93485555555532,0,0,0,0,0,0,0,0,0,N
1987789,222,2022-07-11T00:00:00,7,11,2022,2,13,1P,5,Columbia,172,Rainier,61,RAINIER UA,14,U PR-ART,1,92.0,,LOWER COLUMBIA RIVER,1.0,6.0,CN,0.0,R,3.0,0092AU100S00,46,6,7.9,-122,57,51.12,,,9003,LEWIS&CLARK BR C3,9002,NB EX LEWIS&CLRK C2,1.0,,2,49.17,35.0,8,BRIDGE,0,,,0,0,0,2.0,,0.0,NONE,3,E,S-1STOP,3,REAR,5,PDO,1,CLR,1,DRY,1,DAY,0,NONE,1,3,CITY,13.0,FORCED,,,,,29,F AVOID,,,,,0.0,0.0,0,0,0,0,0,,,4,URBAN HWY SYSTEM,,,2,1,293_28658,,0,,2023-10-19T09:10:34.600,2,0,0,0,0,0,0,2,0,0,0,0,0,0,0,0,0,2,2,2,0,0,46.102194444444,-122.9642,0,0,0,0,0,0,0,0,0,N
1987790,223,2022-07-12T00:00:00,7,12,2022,3,16,4P,5,Columbia,172,Rainier,61,RAINIER UA,14,U PR-ART,1,92.0,,LOWER COLUMBIA RIVER,1.0,6.0,CN,0.0,R,2.0,0092AU100S00,46,5,49.5,-122,58,7.78,,,9002,NB EX LEWIS&CLRK C2,9003,LEWIS&CLARK BR C3,1.0,,4,48.74,35.0,1,INTER,0,3.0,3-LEG,0,0,0,,0.0,,,6,E,S-1STOP,3,REAR,5,PDO,1,CLR,1,DRY,1,DAY,7,YIELD,1,3,CITY,,,,,,,7,TOO-CLOS,,,,,0.0,0.0,0,0,0,0,0,,,4,URBAN HWY SYSTEM,,,2,1,293_28658,,0,,2023-10-19T09:10:34.883,2,0,0,0,0,0,0,2,0,0,0,0,0,0,0,0,0,2,2,2,0,0,46.09708333333333,-122.96882777777766,0,0,0,0,0,0,0,0,0,N
1987882,264,2022-08-19T00:00:00,8,19,2022,6,21,9P,5,Columbia,172,Rainier,61,RAINIER UA,14,U PR-ART,1,92.0,,LOWER COLUMBIA RIVER,1.0,6.0,CN,0.0,R,6.0,0092AX100S00,46,5,43.63,-122,58,6.78,,,403,LOWER COL RIVER HY,9006,EB EF LEWIS&CLRK C6,1.0,,6,48.61,,3,STRGHT,0,,,0,0,0,1.0,,0.0,NONE,3,7,ANIMAL,&,OTH,5,PDO,0,UNK,0,UNK,3,DARK,6,REG-SIGN,1,0,NONE,35.0,DEER ELK,,,,,27,INATTENT,,,,,,,0,0,0,0,0,,,4,URBAN HWY SYSTEM,,,2,1,293_26224,,0,,2023-10-19T09:11:03.263,1,0,0,0,0,0,0,1,0,0,0,0,0,0,0,0,0,1,1,0,0,1,46.095452777777325,-122.96854999999967,0,0,0,0,0,0,0,0,0,N
1987902,272,2022-08-29T00:00:00,8,29,2022,2,10,10A,5,Columbia,172,Rainier,61,RAINIER UA,14,U PR-ART,1,92.0,,LOWER COLUMBIA RIVER,1.0,0.0,MN,0.0,R,,009200100S00,46,5,41.77,-122,57,48.5,,,403,LOWER COL RIVER HY,2103,ROCKCREST ST,1.0,,9,48.38,55.0,1,INTER,0,1.0,CROSS,0,0,0,,0.0,,,4,B,ANGL-OTH,6,TURN,5,PDO,1,CLR,1,DRY,1,DAY,1,TRF SIGNAL,1,3,CITY,,,,,,,4,DIS SIG,,,,,0.0,0.0,0,0,0,0,0,,,4,URBAN HWY SYSTEM,US,30.0,2,1,293_9937,,0,US 30,2023-10-19T09:11:09.093,2,0,0,0,0,0,0,4,0,0,0,0,0,0,0,0,0,4,4,4,0,0,46.09493611111033,-122.963472222222,0,0,0,0,0,0,0,0,0,N
1987928,304,2022-08-18T00:00:00,8,18,2022,5,17,5P,5,Columbia,172,Rainier,61,RAINIER UA,14,U PR-ART,1,92.0,,LOWER COLUMBIA RIVER,1.0,0.0,MN,0.0,R,,009200100S00,46,5,28.36,-122,56,37.87,,,403,LOWER COL RIVER HY,2103,ROCKCREST ST,1.0,,4,47.38,30.0,3,STRGHT,0,,,0,0,0,4.0,,0.0,NONE,4,C,S-STRGHT,5,SS-O,5,PDO,1,CLR,1,DRY,1,DAY,99,UNKNOWN,1,0,NONE,,,,,,,13,IMP LN C,2.0,NO-YIELD,,,,,0,0,0,0,0,,,4,URBAN HWY SYSTEM,US,30.0,2,1,293_11563,,0,US 30,2023-10-19T09:11:16.813,2,0,0,0,0,0,0,2,0,0,0,0,0,0,0,0,0,2,2,0,0,2,46.091211111110326,-122.94385277777732,0,0,0,0,0,0,0,0,0,N
1987930,327,2022-08-05T00:00:00,8,5,2022,6,13,1P,5,Columbia,172,Rainier,61,RAINIER UA,14,U PR-ART,1,92.0,,LOWER COLUMBIA RIVER,1.0,6.0,CN,0.0,R,2.0,0092AT100S00,46,5,49.5,-122,58,7.78,,,9002,NB EX LEWIS&CLRK C2,9003,LEWIS&CLARK BR C3,1.0,,6,48.71,,1,INTER,0,3.0,3-LEG,0,0,0,,0.0,,,6,D,S-1TURN,6,TURN,5,PDO,1,CLR,1,DRY,1,DAY,7,YIELD,1,0,NONE,,,,,,,29,F AVOID,,,,,,,0,0,0,0,0,,,4,URBAN HWY SYSTEM,,,2,1,293_26215,,0,,2023-10-19T09:11:17.407,2,0,0,0,0,0,0,4,0,0,0,0,0,0,0,0,0,4,4,3,0,1,46.09708333333333,-122.96882777777766,0,0,0,0,0,0,0,0,0,N
1987933,274,2022-09-02T00:00:00,9,2,2022,6,16,4P,5,Columbia,172,Rainier,61,RAINIER UA,17,U MJ-COL,0,,,,,,,,,,,46,5,23.14,-122,56,8.38,,,8001,1ST ST,101,A ST,1.0,30.0,6,,,3,STRGHT,0,,,0,0,0,2.0,,0.0,NONE,5,B,ANGL-OTH,7,PARK,5,PDO,1,CLR,1,DRY,1,DAY,99,UNKNOWN,1,0,NONE,,,,,,,2,NO-YIELD,,,,,,,0,0,0,0,0,,,3,URBAN CITY STREET,,,2,1,34_803852,,0,,2023-10-19T09:11:18.250,2,0,0,0,0,0,0,2,0,0,0,0,0,0,0,0,0,2,2,1,0,1,46.08976111111033,-122.93566111111032,0,0,0,0,0,0,0,0,0,N
1988000,312,2022-09-26T00:00:00,9,26,2022,2,10,10A,5,Columbia,172,Rainier,61,RAINIER UA,19,U LOCAL,0,,,,,,,,,,,46,5,15.65,-122,57,27.69,,,804,FERN HILL RD,2301,TOWNSEND RD,1.0,0.0,6,,,1,INTER,0,3.0,3-LEG,0,0,0,,0.0,,,5,D,S-1TURN,6,TURN,5,PDO,1,CLR,1,DRY,1,DAY,4,STOP SIGN,1,3,CITY,79.0,DITCH,,,,,6,IMP-OVER,8.0,IMP-TURN,,,,,0,0,0,0,0,,,3,URBAN CITY STREET,,,2,1,34_803645,,0,,2023-10-19T09:11:37.960,2,0,0,0,0,0,0,2,0,0,0,0,0,0,0,0,0,2,2,1,0,1,46.08768055555533,-122.957691666666,0,0,0,0,0,0,0,0,0,N
1988069,321,2022-10-05T00:00:00,10,5,2022,4,19,7P,5,Columbia,172,Rainier,61,RAINIER UA,14,U PR-ART,1,92.0,,LOWER COLUMBIA RIVER,1.0,0.0,MN,0.0,R,,009200100S00,46,5,20.86,-122,56,9.34,,,201,B ST,8001,1ST ST,1.0,,9,46.97,30.0,1,INTER,0,1.0,CROSS,0,0,0,,0.0,,,1,B,ANGL-OTH,6,TURN,5,PDO,1,CLR,1,DRY,2,DLIT,1,TRF SIGNAL,1,3,CITY,,,,,,,4,DIS SIG,,,,,,,0,0,0,0,0,,,4,URBAN HWY SYSTEM,US,30.0,2,1,293_20588,,0,US 30,2023-10-19T09:11:58.977,2,0,0,0,0,0,0,2,0,0,0,0,0,0,0,0,0,2,2,2,0,0,46.08912777777733,-122.93592777777732,0,0,0,0,0,0,0,0,0,N
1988214,354,2022-10-30T00:00:00,10,30,2022,1,6,6A,5,Columbia,172,Rainier,61,RAINIER UA,17,U MJ-COL,0,,,,,,,,,,,46,5,35.13,-122,57,18.3,,,2603,WASHINGTON WAY,2501,VIEW ST,1.0,300.0,7,,,3,STRGHT,1,,,0,0,0,2.0,,0.0,NONE,1,8,FIX OBJ,9,FIX,5,PDO,2,CLD,2,WET,3,DARK,0,NONE,1,3,CITY,53.0,POLE UTL,,,,,40,VIEW OBS,,,,,0.0,0.0,0,0,0,0,0,,,3,URBAN CITY STREET,,,2,1,34_803789,,0,,2023-10-19T09:12:41.517,1,0,0,0,0,0,0,3,0,0,0,0,0,0,0,0,0,3,3,0,0,3,46.093091666666325,-122.955083333333,0,0,0,0,0,0,0,0,0,Y
1988236,362,2022-11-07T00:00:00,11,7,2022,2,16,4P,5,Columbia,172,Rainier,61,RAINIER UA,14,U PR-ART,1,92.0,,LOWER COLUMBIA RIVER,1.0,6.0,CN,0.0,R,3.0,0092AU100S00,46,6,9.19,-122,57,49.96,,,1403,LEWIS & CLARK BR,9003,LEWIS&CLARK BR C3,1.0,,2,49.2,35.0,8,BRIDGE,0,,,0,0,0,2.0,,0.0,NONE,4,E,S-1STOP,3,REAR,5,PDO,3,RAIN,2,WET,1,DAY,0,NONE,1,3,CITY,92.0,PHANTOM,,,,,29,F AVOID,,,,,0.0,0.0,0,0,0,0,0,,,4,URBAN HWY SYSTEM,,,2,1,293_28658,,0,,2023-10-19T09:12:47.863,2,0,0,0,0,0,0,2,0,0,0,0,0,0,0,0,0,2,2,2,0,0,46.102552777777,-122.963877777777,0,0,0,0,0,0,0,0,0,N
1990607,375,2022-10-27T00:00:00,10,27,2022,5,17,5P,5,Columbia,172,Rainier,61,RAINIER UA,17,U MJ-COL,0,,,,,,,,,,,46,5,18.99,-122,56,15.21,,,401,C ST,8702,W 2ND ST,1.0,0.0,9,,25.0,1,INTER,0,1.0,CROSS,0,0,0,,0.0,,,1,6,BIKE,6,TURN,4,INJ,2,CLD,1,DRY,5,DUSK,0,NONE,1,3,CITY,,,,,,,2,NO-YIELD,,,,,0.0,0.0,0,0,0,0,0,,,3,URBAN CITY STREET,,,2,1,34_803551,,0,,2023-10-31T21:32:55.323,1,0,0,1,0,1,0,2,0,0,0,1,0,1,0,0,0,2,3,3,0,0,46.088608333333326,-122.93755833333331,0,0,0,0,0,0,0,0,0,N
1997062,250,2022-08-10T00:00:00,8,10,2022,4,7,7A,5,Columbia,172,Rainier,61,RAINIER UA,17,U MJ-COL,0,,,,,,,,,,,46,5,23.11,-122,56,8.4,,,8001,1ST ST,101,A ST,1.0,25.0,6,,,3,STRGHT,1,,,0,0,0,2.0,,0.0,NONE,6,2,PRKD MV,1,ANGL,5,PDO,4,SLT,4,ICE,1,DAY,0,NONE,1,3,CITY,124.0,SLIPPERY,,,,,1,TOO-FAST,,,,,0.0,0.0,0,0,0,1,0,,,3,URBAN CITY STREET,,,2,1,34_803852,,0,,2023-12-14T06:38:48.493,2,0,0,0,0,0,0,1,0,0,0,0,0,0,0,0,0,1,1,1,0,0,46.08975277777733,-122.93566666666632,0,0,0,0,0,0,0,0,0,Y